Sector,Mean_TC_High,Mean_TC_Low,Mean_RCPI,Median_RCPI,SD_RCPI,RCPI_CI_2.5,RCPI_CI_97.5,P_RCPI_Positive,Mean_MRR,MRR_CI_2.5,MRR_CI_97.5,Mean_VMD,VMD_CI_2.5,VMD_CI_97.5,Mean_CO2_Avoided,CO2_CI_2.5,CO2_CI_97.5,Typology
Aircraft manufacturing,585375.8134736196,707795.6331470398,0.1732006181813746,0.17334352077545656,0.02770683484986551,0.11745660627769303,0.22749800344368,1.0,0.6692707111089797,0.5679382120225082,0.7635082388524157,0.34060754136845234,0.2856838163225654,0.3969172134891872,1464.2001781271667,1170.527094058908,1764.871294223807,Sunny
Telecommunications,65117.64771063463,6985.926683789915,-8.426396258585344,-8.342476251250844,1.0266101734655173,-10.673743653784395,-6.682659379011806,0.0,0.33614014937482595,0.2430672570336236,0.4338036470223533,0.03193058334777489,0.023096976882390596,0.041174993327047056,-153.42079482975964,-170.75490323681464,-135.03344382505153,Rainy
Computer hardware refurbishment,85939.36028624844,106205.09991252772,0.19187919648554047,0.19314422791158348,0.04140982703734507,0.10569130082910261,0.26945334917574887,1.0,0.6938826117848499,0.5923785983732465,0.7887091030195391,0.4995070782063591,0.42536155444498025,0.5683391293610158,1857.7012222314738,1357.1507581331362,2355.395391265557,Sunny
General retail,91066.96044194899,10930.328584631097,-7.36657979962816,-7.341436912462489,0.499596128505891,-8.426339079778792,-6.459723579481386,0.0,0.1772225278949245,0.11165905803079323,0.2511112896539486,0.007531731858605952,0.00473482979795542,0.010691164365523151,-365.34827963983,-409.3372025109176,-320.8866867421456,Rainy
Carpet manufacturing,43939.38902419464,49530.079154111474,0.11286418982107849,0.11323799524926649,0.03340932365905442,0.04603717231451175,0.17509065392502293,0.9995,0.6662332658836091,0.5601916297009946,0.7639099540228454,0.34973763579876915,0.2917188362850021,0.4059558869296387,3111.990048289266,2194.743435329783,4103.23262364935,Sunny
